{
  "test_formulations": [
    {
      "name": "Test 1: Yellow Dominant",
      "concentrations": {
        "BiVaO4": 10.0,
        "LY": 5.0
      },
      "thickness": 4.0
    },
    {
      "name": "Test 2: Green Mix",
      "concentrations": {
        "PG": 8.0,
        "LY": 3.0
      },
      "thickness": 4.0
    },
    {
      "name": "Test 3: Blue Tint",
      "concentrations": {
        "PB": 2.0,
        "TiO2": 1.0
      },
      "thickness": 4.0
    },
    {
      "name": "Test 4: Fluorescent High",
      "concentrations": {
        "GXT": 25.0,
        "BiVaO4": 5.0
      },
      "thickness": 4.0
    }
  ],
  "pytorch_predictions": {
    "Test 1: Yellow Dominant": [
      0.4139693964044882,
      0.42686750682395697,
      0.45722292673905207,
      0.4499398896932844,
      0.4585374757596735,
      0.4814456653298196,
      0.510345350197451,
      0.5929460835010969,
      0.692066717401881,
      0.8399718223856887,
      0.9257973528361675,
      0.9578377976230251,
      0.9729695367964566,
      0.9647494003629049,
      0.9321946251932701,
      0.921106147970612,
      0.9069225920322722,
      0.8804042032374609,
      0.8827281665595902,
      0.8419958641566131,
      0.8779259424752702,
      0.8611919608351933,
      0.8548448156767293,
      0.8617695227245651,
      0.8709941243357082,
      0.9011614846844213,
      0.8679388807301682,
      0.8731458192528436,
      0.8979492278570205,
      0.8776769202297453,
      0.8793037255696524
    ],
    "Test 2: Green Mix": [
      0.5957439518804707,
      0.65298810426376,
      0.6891603755081142,
      0.7490263582338349,
      0.7667083415652287,
      0.7854713535836733,
      0.820497856224411,
      0.9014346752990336,
      0.90299127929924,
      0.9202982535910027,
      0.9199787986257355,
      0.9142739457924473,
      0.9026519955905847,
      0.882961749101433,
      0.8462768475579179,
      0.8119407381679778,
      0.7779629446088567,
      0.7877799881833831,
      0.7887484009216221,
      0.7498454121156403,
      0.7229145354197503,
      0.7522526387332299,
      0.6860855604550903,
      0.6961287497686842,
      0.6732948462321746,
      0.6830263002650971,
      0.63353956016236,
      0.7059663448235098,
      0.6786305910490285,
      0.7107089144674004,
      0.7360976669108008
    ],
    "Test 3: Blue Tint": [
      0.5185112359648038,
      0.5305556382010317,
      0.5541641483215046,
      0.6224828291178194,
      0.6344526029423032,
      0.5973399616345734,
      0.6615601058863538,
      0.7275628993211857,
      0.7588736967076845,
      0.8490713677739932,
      0.9247391385283655,
      0.9174229966532851,
      0.9446862463747144,
      0.8873393541279745,
      0.8877984536235435,
      0.8224051620255418,
      0.7954618919779135,
      0.7944986231334604,
      0.6964620497502174,
      0.7693566085205945,
      0.6995579070878376,
      0.7610099229842628,
      0.7285570345061203,
      0.660229400231308,
      0.7477261139528364,
      0.7246375828020397,
      0.7348142176320134,
      0.8270421642074062,
      0.7626319912686597,
      0.763293619219202,
      0.732613344165103
    ],
    "Test 4: Fluorescent High": [
      0.4850664355347857,
      0.49907172302673153,
      0.4965396728893688,
      0.4829883489379762,
      0.5208235041324848,
      0.5060390081940043,
      0.6203070572375781,
      0.5778263795729024,
      0.7245782057274742,
      0.8554224742664773,
      0.9643126744443226,
      0.9981941486263797,
      1.0033731409138738,
      1.0047923704488686,
      0.956192712364026,
      1.0035703541486314,
      0.9346343751568004,
      0.9894522990356979,
      0.9665264017506503,
      0.9531890219942076,
      0.8855679247682672,
      0.9100720287921544,
      0.9412255130257328,
      0.9552905688018191,
      0.9298627885140415,
      0.964748639304565,
      0.9190134162125838,
      0.943233879050452,
      0.9663011855983203,
      0.9588641868673063,
      0.9563579779359354
    ]
  },
  "wavelengths": [
    400,
    410,
    420,
    430,
    440,
    450,
    460,
    470,
    480,
    490,
    500,
    510,
    520,
    530,
    540,
    550,
    560,
    570,
    580,
    590,
    600,
    610,
    620,
    630,
    640,
    650,
    660,
    670,
    680,
    690,
    700
  ]
}